flight_date,reporting_airline,flight_number,origin,origin_city_name,dest,dest_city_name,crs_dep_time,dep_time,dep_delay,dep_del15,crs_arr_time,arr_time,arr_delay,arr_del15,cancelled,diverted,cancellation_code,crs_elapsed_time,actual_elapsed_time,air_time,distance,carrier_delay,weather_delay,nas_delay,security_delay,late_aircraft_delay
2025-01-01,AA,1,JFK,"New York, NY",LAX,"Los Angeles, CA",06:59,06:56,-3.0,0.0,10:20,10:13,-7.0,0.0,0,0,,381.0,377.0,345.0,2475.0,,,,,
2025-01-02,AA,1,JFK,"New York, NY",LAX,"Los Angeles, CA",06:59,06:52,-7.0,0.0,10:20,10:22,2.0,0.0,0,0,,381.0,390.0,353.0,2475.0,,,,,
2025-01-03,AA,1,JFK,"New York, NY",LAX,"Los Angeles, CA",06:59,06:52,-7.0,0.0,10:20,10:03,-17.0,0.0,0,0,,381.0,371.0,347.0,2475.0,,,,,
2025-01-04,AA,1,JFK,"New York, NY",LAX,"Los Angeles, CA",07:00,06:53,-7.0,0.0,10:26,10:16,-10.0,0.0,0,0,,386.0,383.0,349.0,2475.0,,,,,
2025-01-05,AA,1,JFK,"New York, NY",LAX,"Los Angeles, CA",06:59,06:55,-4.0,0.0,10:20,10:13,-7.0,0.0,0,0,,381.0,378.0,347.0,2475.0,,,,,
2025-01-06,AA,1,JFK,"New York, NY",LAX,"Los Angeles, CA",06:59,07:03,4.0,0.0,10:20,10:12,-8.0,0.0,0,0,,381.0,369.0,332.0,2475.0,,,,,
2025-01-07,AA,1,JFK,"New York, NY",LAX,"Los Angeles, CA",07:00,06:55,-5.0,0.0,10:35,09:55,-40.0,0.0,0,0,,395.0,360.0,334.0,2475.0,,,,,
2025-01-08,AA,1,JFK,"New York, NY",LAX,"Los Angeles, CA",07:00,06:52,-8.0,0.0,10:35,09:43,-52.0,0.0,0,0,,395.0,351.0,320.0,2475.0,,,,,
2025-01-09,AA,1,JFK,"New York, NY",LAX,"Los Angeles, CA",06:59,06:54,-5.0,0.0,10:28,09:42,-46.0,0.0,0,0,,389.0,348.0,324.0,2475.0,,,,,
2025-01-10,AA,1,JFK,"New York, NY",LAX,"Los Angeles, CA",07:00,07:00,0.0,0.0,10:35,10:00,-35.0,0.0,0,0,,395.0,360.0,336.0,2475.0,,,,,
2025-01-11,AA,1,JFK,"New York, NY",LAX,"Los Angeles, CA",06:59,06:52,-7.0,0.0,10:28,10:41,13.0,0.0,0,0,,389.0,409.0,351.0,2475.0,,,,,
2025-01-12,AA,1,JFK,"New York, NY",LAX,"Los Angeles, CA",07:00,10:24,204.0,1.0,10:35,14:40,245.0,1.0,0,0,,395.0,436.0,365.0,2475.0,204.0,0.0,41.0,0.0,0.0
2025-01-13,AA,1,JFK,"New York, NY",LAX,"Los Angeles, CA",06:59,06:56,-3.0,0.0,10:28,10:27,-1.0,0.0,0,0,,389.0,391.0,351.0,2475.0,,,,,
2025-01-14,AA,1,JFK,"New York, NY",LAX,"Los Angeles, CA",06:59,07:07,8.0,0.0,10:28,10:16,-12.0,0.0,0,0,,389.0,369.0,335.0,2475.0,,,,,
2025-01-15,AA,1,JFK,"New York, NY",LAX,"Los Angeles, CA",06:59,06:53,-6.0,0.0,10:28,09:30,-58.0,0.0,0,0,,389.0,337.0,316.0,2475.0,,,,,
2025-01-16,AA,1,JFK,"New York, NY",LAX,"Los Angeles, CA",06:59,06:53,-6.0,0.0,10:28,09:42,-46.0,0.0,0,0,,389.0,349.0,324.0,2475.0,,,,,
2025-01-17,AA,1,JFK,"New York, NY",LAX,"Los Angeles, CA",06:59,06:54,-5.0,0.0,10:28,09:59,-29.0,0.0,0,0,,389.0,365.0,334.0,2475.0,,,,,
2025-01-18,AA,1,JFK,"New York, NY",LAX,"Los Angeles, CA",06:59,06:52,-7.0,0.0,10:28,10:33,5.0,0.0,0,0,,389.0,401.0,355.0,2475.0,,,,,
2025-01-19,AA,1,JFK,"New York, NY",LAX,"Los Angeles, CA",07:00,06:51,-9.0,0.0,10:35,10:09,-26.0,0.0,0,0,,395.0,378.0,344.0,2475.0,,,,,
2025-01-20,AA,1,JFK,"New York, NY",LAX,"Los Angeles, CA",06:59,06:54,-5.0,0.0,10:28,10:03,-25.0,0.0,0,0,,389.0,369.0,346.0,2475.0,,,,,
2025-01-21,AA,1,JFK,"New York, NY",LAX,"Los Angeles, CA",06:59,06:53,-6.0,0.0,10:28,09:55,-33.0,0.0,0,0,,389.0,362.0,336.0,2475.0,,,,,
2025-01-22,AA,1,JFK,"New York, NY",LAX,"Los Angeles, CA",06:59,06:51,-8.0,0.0,10:28,10:02,-26.0,0.0,0,0,,389.0,371.0,349.0,2475.0,,,,,
2025-01-23,AA,1,JFK,"New York, NY",LAX,"Los Angeles, CA",06:59,06:55,-4.0,0.0,10:28,09:45,-43.0,0.0,0,0,,389.0,350.0,325.0,2475.0,,,,,
2025-01-24,AA,1,JFK,"New York, NY",LAX,"Los Angeles, CA",06:59,06:59,0.0,0.0,10:28,10:13,-15.0,0.0,0,0,,389.0,374.0,342.0,2475.0,,,,,
2025-01-25,AA,1,JFK,"New York, NY",LAX,"Los Angeles, CA",06:59,06:54,-5.0,0.0,10:28,10:32,4.0,0.0,0,0,,389.0,398.0,378.0,2475.0,,,,,
2025-01-26,AA,1,JFK,"New York, NY",LAX,"Los Angeles, CA",06:59,06:53,-6.0,0.0,10:28,10:53,25.0,1.0,0,0,,389.0,420.0,390.0,2475.0,0.0,0.0,25.0,0.0,0.0
2025-01-27,AA,1,JFK,"New York, NY",LAX,"Los Angeles, CA",06:59,06:54,-5.0,0.0,10:28,09:40,-48.0,0.0,0,0,,389.0,346.0,319.0,2475.0,,,,,
2025-01-28,AA,1,JFK,"New York, NY",LAX,"Los Angeles, CA",06:59,06:54,-5.0,0.0,10:28,09:54,-34.0,0.0,0,0,,389.0,360.0,334.0,2475.0,,,,,
2025-01-29,AA,1,JFK,"New York, NY",LAX,"Los Angeles, CA",06:59,06:51,-8.0,0.0,10:28,10:05,-23.0,0.0,0,0,,389.0,374.0,343.0,2475.0,,,,,
2025-01-30,AA,1,JFK,"New York, NY",LAX,"Los Angeles, CA",06:59,06:52,-7.0,0.0,10:28,10:11,-17.0,0.0,0,0,,389.0,379.0,350.0,2475.0,,,,,
2025-01-31,AA,1,JFK,"New York, NY",LAX,"Los Angeles, CA",06:59,07:01,2.0,0.0,10:28,09:58,-30.0,0.0,0,0,,389.0,357.0,328.0,2475.0,,,,,
2025-01-01,AA,2,LAX,"Los Angeles, CA",JFK,"New York, NY",08:00,07:56,-4.0,0.0,16:31,15:44,-47.0,0.0,0,0,,331.0,288.0,271.0,2475.0,,,,,
2025-01-02,AA,2,LAX,"Los Angeles, CA",JFK,"New York, NY",08:00,07:53,-7.0,0.0,16:31,15:45,-46.0,0.0,0,0,,331.0,292.0,275.0,2475.0,,,,,
2025-01-03,AA,2,LAX,"Los Angeles, CA",JFK,"New York, NY",08:00,07:59,-1.0,0.0,16:31,16:23,-8.0,0.0,0,0,,331.0,324.0,297.0,2475.0,,,,,
2025-01-04,AA,2,LAX,"Los Angeles, CA",JFK,"New York, NY",08:00,07:59,-1.0,0.0,16:29,16:04,-25.0,0.0,0,0,,329.0,305.0,277.0,2475.0,,,,,
2025-01-05,AA,2,LAX,"Los Angeles, CA",JFK,"New York, NY",08:00,07:57,-3.0,0.0,16:31,16:13,-18.0,0.0,0,0,,331.0,316.0,290.0,2475.0,,,,,
2025-01-06,AA,2,LAX,"Los Angeles, CA",JFK,"New York, NY",08:00,07:58,-2.0,0.0,16:29,16:13,-16.0,0.0,0,0,,329.0,315.0,283.0,2475.0,,,,,
2025-01-07,AA,2,LAX,"Los Angeles, CA",JFK,"New York, NY",07:00,06:51,-9.0,0.0,15:26,15:00,-26.0,0.0,0,0,,326.0,309.0,286.0,2475.0,,,,,
2025-01-08,AA,2,LAX,"Los Angeles, CA",JFK,"New York, NY",07:00,06:54,-6.0,0.0,15:26,15:12,-14.0,0.0,0,0,,326.0,318.0,293.0,2475.0,,,,,
2025-01-09,AA,2,LAX,"Los Angeles, CA",JFK,"New York, NY",07:00,06:52,-8.0,0.0,15:26,15:04,-22.0,0.0,0,0,,326.0,312.0,293.0,2475.0,,,,,
2025-01-10,AA,2,LAX,"Los Angeles, CA",JFK,"New York, NY",07:00,06:59,-1.0,0.0,15:26,15:16,-10.0,0.0,0,0,,326.0,317.0,299.0,2475.0,,,,,
2025-01-11,AA,2,LAX,"Los Angeles, CA",JFK,"New York, NY",07:00,06:54,-6.0,0.0,15:26,15:12,-14.0,0.0,0,0,,326.0,318.0,276.0,2475.0,,,,,
2025-01-12,AA,2,LAX,"Los Angeles, CA",JFK,"New York, NY",07:00,06:52,-8.0,0.0,15:26,14:33,-53.0,0.0,0,0,,326.0,281.0,263.0,2475.0,,,,,
2025-01-13,AA,2,LAX,"Los Angeles, CA",JFK,"New York, NY",07:00,06:59,-1.0,0.0,15:26,14:47,-39.0,0.0,0,0,,326.0,288.0,265.0,2475.0,,,,,
2025-01-14,AA,2,LAX,"Los Angeles, CA",JFK,"New York, NY",07:00,06:49,-11.0,0.0,15:26,15:06,-20.0,0.0,0,0,,326.0,317.0,296.0,2475.0,,,,,
2025-01-15,AA,2,LAX,"Los Angeles, CA",JFK,"New York, NY",07:00,06:50,-10.0,0.0,15:26,15:16,-10.0,0.0,0,0,,326.0,326.0,309.0,2475.0,,,,,
2025-01-16,AA,2,LAX,"Los Angeles, CA",JFK,"New York, NY",07:00,06:48,-12.0,0.0,15:26,15:11,-15.0,0.0,0,0,,326.0,323.0,298.0,2475.0,,,,,
2025-01-17,AA,2,LAX,"Los Angeles, CA",JFK,"New York, NY",07:00,06:52,-8.0,0.0,15:26,15:07,-19.0,0.0,0,0,,326.0,315.0,296.0,2475.0,,,,,
2025-01-18,AA,2,LAX,"Los Angeles, CA",JFK,"New York, NY",07:00,06:55,-5.0,0.0,15:26,14:48,-38.0,0.0,0,0,,326.0,293.0,274.0,2475.0,,,,,
2025-01-19,AA,2,LAX,"Los Angeles, CA",JFK,"New York, NY",07:00,06:54,-6.0,0.0,15:26,15:05,-21.0,0.0,0,0,,326.0,311.0,278.0,2475.0,,,,,
2025-01-20,AA,2,LAX,"Los Angeles, CA",JFK,"New York, NY",07:00,06:47,-13.0,0.0,15:26,14:24,-62.0,0.0,0,0,,326.0,277.0,258.0,2475.0,,,,,
2025-01-21,AA,2,LAX,"Los Angeles, CA",JFK,"New York, NY",07:00,06:51,-9.0,0.0,15:26,15:05,-21.0,0.0,0,0,,326.0,314.0,290.0,2475.0,,,,,
2025-01-22,AA,2,LAX,"Los Angeles, CA",JFK,"New York, NY",07:00,06:55,-5.0,0.0,15:26,15:00,-26.0,0.0,0,0,,326.0,305.0,290.0,2475.0,,,,,
2025-01-23,AA,2,LAX,"Los Angeles, CA",JFK,"New York, NY",07:00,06:55,-5.0,0.0,15:26,18:18,,,0,1,,326.0,,,2475.0,,,,,
2025-01-24,AA,2,LAX,"Los Angeles, CA",JFK,"New York, NY",07:00,06:49,-11.0,0.0,15:26,14:45,-41.0,0.0,0,0,,326.0,296.0,278.0,2475.0,,,,,
2025-01-25,AA,2,LAX,"Los Angeles, CA",JFK,"New York, NY",07:00,06:55,-5.0,0.0,15:26,14:39,-47.0,0.0,0,0,,326.0,284.0,265.0,2475.0,,,,,
2025-01-26,AA,2,LAX,"Los Angeles, CA",JFK,"New York, NY",07:00,06:51,-9.0,0.0,15:26,14:47,-39.0,0.0,0,0,,326.0,296.0,271.0,2475.0,,,,,
2025-01-27,AA,2,LAX,"Los Angeles, CA",JFK,"New York, NY",07:00,07:12,12.0,0.0,15:26,15:09,-17.0,0.0,0,0,,326.0,297.0,280.0,2475.0,,,,,
2025-01-28,AA,2,LAX,"Los Angeles, CA",JFK,"New York, NY",07:00,06:51,-9.0,0.0,15:26,14:43,-43.0,0.0,0,0,,326.0,292.0,276.0,2475.0,,,,,
2025-01-29,AA,2,LAX,"Los Angeles, CA",JFK,"New York, NY",07:00,06:54,-6.0,0.0,15:26,14:44,-42.0,0.0,0,0,,326.0,290.0,272.0,2475.0,,,,,
2025-01-30,AA,2,LAX,"Los Angeles, CA",JFK,"New York, NY",07:00,06:53,-7.0,0.0,15:26,14:51,-35.0,0.0,0,0,,326.0,298.0,281.0,2475.0,,,,,
2025-01-31,AA,2,LAX,"Los Angeles, CA",JFK,"New York, NY",07:00,12:26,326.0,1.0,15:26,20:42,316.0,1.0,0,0,,326.0,316.0,292.0,2475.0,0.0,0.0,0.0,0.0,316.0
2025-01-06,AA,3,JFK,"New York, NY",LAS,"Las Vegas, NV",09:29,09:20,-9.0,0.0,12:17,11:54,-23.0,0.0,0,0,,348.0,334.0,306.0,2248.0,,,,,
2025-01-01,AA,3,JFK,"New York, NY",LAX,"Los Angeles, CA",08:00,07:51,-9.0,0.0,11:22,10:49,-33.0,0.0,0,0,,382.0,358.0,335.0,2475.0,,,,,
2025-01-02,AA,3,JFK,"New York, NY",LAX,"Los Angeles, CA",08:00,07:56,-4.0,0.0,11:22,11:13,-9.0,0.0,0,0,,382.0,377.0,339.0,2475.0,,,,,
2025-01-03,AA,3,JFK,"New York, NY",LAX,"Los Angeles, CA",08:00,07:54,-6.0,0.0,11:22,11:13,-9.0,0.0,0,0,,382.0,379.0,350.0,2475.0,,,,,
2025-01-04,AA,3,JFK,"New York, NY",LAX,"Los Angeles, CA",08:00,07:56,-4.0,0.0,11:22,11:25,3.0,0.0,0,0,,382.0,389.0,362.0,2475.0,,,,,
2025-01-05,AA,3,JFK,"New York, NY",LAX,"Los Angeles, CA",08:00,07:55,-5.0,0.0,11:22,11:15,-7.0,0.0,0,0,,382.0,380.0,351.0,2475.0,,,,,
2025-01-07,AA,3,JFK,"New York, NY",LAX,"Los Angeles, CA",11:00,10:55,-5.0,0.0,14:30,14:16,-14.0,0.0,0,0,,390.0,381.0,343.0,2475.0,,,,,
2025-01-08,AA,3,JFK,"New York, NY",LAX,"Los Angeles, CA",11:00,10:58,-2.0,0.0,14:30,13:31,-59.0,0.0,0,0,,390.0,333.0,307.0,2475.0,,,,,
2025-01-10,AA,3,JFK,"New York, NY",LAX,"Los Angeles, CA",11:00,11:09,9.0,0.0,14:30,13:53,-37.0,0.0,0,0,,390.0,344.0,322.0,2475.0,,,,,
2025-01-11,AA,3,JFK,"New York, NY",LAX,"Los Angeles, CA",10:59,10:51,-8.0,0.0,14:29,14:19,-10.0,0.0,0,0,,390.0,388.0,348.0,2475.0,,,,,
2025-01-13,AA,3,JFK,"New York, NY",LAX,"Los Angeles, CA",11:00,11:01,1.0,0.0,14:30,14:23,-7.0,0.0,0,0,,390.0,382.0,351.0,2475.0,,,,,
2025-01-14,AA,3,JFK,"New York, NY",LAX,"Los Angeles, CA",11:00,10:58,-2.0,0.0,14:30,13:47,-43.0,0.0,0,0,,390.0,349.0,328.0,2475.0,,,,,
2025-01-15,AA,3,JFK,"New York, NY",LAX,"Los Angeles, CA",11:00,10:53,-7.0,0.0,14:30,13:36,-54.0,0.0,0,0,,390.0,343.0,321.0,2475.0,,,,,
2025-01-17,AA,3,JFK,"New York, NY",LAX,"Los Angeles, CA",11:00,10:57,-3.0,0.0,14:30,13:58,-32.0,0.0,0,0,,390.0,361.0,337.0,2475.0,,,,,
2025-01-18,AA,3,JFK,"New York, NY",LAX,"Los Angeles, CA",10:59,11:11,12.0,0.0,14:29,14:11,-18.0,0.0,0,0,,390.0,360.0,336.0,2475.0,,,,,
2025-01-19,AA,3,JFK,"New York, NY",LAX,"Los Angeles, CA",11:00,11:00,0.0,0.0,14:30,14:13,-17.0,0.0,0,0,,390.0,373.0,344.0,2475.0,,,,,
2025-01-20,AA,3,JFK,"New York, NY",LAX,"Los Angeles, CA",11:00,11:27,27.0,1.0,14:30,14:43,13.0,0.0,0,0,,390.0,376.0,330.0,2475.0,,,,,
2025-01-21,AA,3,JFK,"New York, NY",LAX,"Los Angeles, CA",11:00,10:59,-1.0,0.0,14:30,14:05,-25.0,0.0,0,0,,390.0,366.0,343.0,2475.0,,,,,
2025-01-22,AA,3,JFK,"New York, NY",LAX,"Los Angeles, CA",11:00,10:54,-6.0,0.0,14:30,13:56,-34.0,0.0,0,0,,390.0,362.0,341.0,2475.0,,,,,
2025-01-23,AA,3,JFK,"New York, NY",LAX,"Los Angeles, CA",11:00,10:58,-2.0,0.0,14:30,13:44,-46.0,0.0,0,0,,390.0,346.0,320.0,2475.0,,,,,
2025-01-24,AA,3,JFK,"New York, NY",LAX,"Los Angeles, CA",11:00,10:58,-2.0,0.0,14:30,14:20,-10.0,0.0,0,0,,390.0,382.0,358.0,2475.0,,,,,
2025-01-25,AA,3,JFK,"New York, NY",LAX,"Los Angeles, CA",10:59,10:54,-5.0,0.0,14:29,14:27,-2.0,0.0,0,0,,390.0,393.0,367.0,2475.0,,,,,
2025-01-26,AA,3,JFK,"New York, NY",LAX,"Los Angeles, CA",10:59,,,,14:29,,,,1,0,A,390.0,,,2475.0,,,,,
2025-01-27,AA,3,JFK,"New York, NY",LAX,"Los Angeles, CA",11:00,13:35,155.0,1.0,14:30,16:32,122.0,1.0,0,0,,390.0,357.0,327.0,2475.0,122.0,0.0,0.0,0.0,0.0
2025-01-28,AA,3,JFK,"New York, NY",LAX,"Los Angeles, CA",11:00,10:52,-8.0,0.0,14:30,13:35,-55.0,0.0,0,0,,390.0,343.0,321.0,2475.0,,,,,
2025-01-29,AA,3,JFK,"New York, NY",LAX,"Los Angeles, CA",11:00,10:54,-6.0,0.0,14:30,13:50,-40.0,0.0,0,0,,390.0,356.0,334.0,2475.0,,,,,
2025-01-30,AA,3,JFK,"New York, NY",LAX,"Los Angeles, CA",11:00,10:51,-9.0,0.0,14:30,13:38,-52.0,0.0,0,0,,390.0,347.0,330.0,2475.0,,,,,
2025-01-31,AA,3,JFK,"New York, NY",LAX,"Los Angeles, CA",11:00,10:53,-7.0,0.0,14:30,13:46,-44.0,0.0,0,0,,390.0,353.0,334.0,2475.0,,,,,
2025-01-01,AA,4,LAX,"Los Angeles, CA",JFK,"New York, NY",11:30,12:11,41.0,1.0,20:01,19:56,-5.0,0.0,0,0,,331.0,285.0,265.0,2475.0,,,,,
2025-01-02,AA,4,LAX,"Los Angeles, CA",JFK,"New York, NY",11:30,11:23,-7.0,0.0,20:01,19:26,-35.0,0.0,0,0,,331.0,303.0,285.0,2475.0,,,,,
2025-01-03,AA,4,LAX,"Los Angeles, CA",JFK,"New York, NY",11:30,11:27,-3.0,0.0,20:01,20:09,8.0,0.0,0,0,,331.0,342.0,295.0,2475.0,,,,,
2025-01-04,AA,4,LAX,"Los Angeles, CA",JFK,"New York, NY",11:30,11:21,-9.0,0.0,20:01,19:36,-25.0,0.0,0,0,,331.0,315.0,284.0,2475.0,,,,,
2025-01-05,AA,4,LAX,"Los Angeles, CA",JFK,"New York, NY",11:30,11:26,-4.0,0.0,20:01,19:44,-17.0,0.0,0,0,,331.0,318.0,295.0,2475.0,,,,,
2025-01-06,AA,4,LAX,"Los Angeles, CA",JFK,"New York, NY",11:30,11:21,-9.0,0.0,20:01,19:41,-20.0,0.0,0,0,,331.0,320.0,286.0,2475.0,,,,,
2025-01-07,AA,4,LAX,"Los Angeles, CA",JFK,"New York, NY",15:30,15:26,-4.0,0.0,23:54,23:30,-24.0,0.0,0,0,,324.0,304.0,285.0,2475.0,,,,,
2025-01-08,AA,4,LAX,"Los Angeles, CA",JFK,"New York, NY",14:10,14:06,-4.0,0.0,22:29,22:33,4.0,0.0,0,0,,319.0,327.0,306.0,2475.0,,,,,
2025-01-10,AA,4,LAX,"Los Angeles, CA",JFK,"New York, NY",14:10,14:57,47.0,1.0,22:29,23:23,54.0,1.0,0,0,,319.0,326.0,310.0,2475.0,14.0,0.0,7.0,0.0,33.0
2025-01-11,AA,4,LAX,"Los Angeles, CA",JFK,"New York, NY",14:10,14:00,-10.0,0.0,22:29,21:40,-49.0,0.0,0,0,,319.0,280.0,262.0,2475.0,,,,,
